customer_id,name,email,region
C1000,Kelly Davis,robert80@harris.org,North
C1001,Sherry Daugherty,reevesryan@garcia.biz,West
C1002,Justin Farmer,reyeselizabeth@johnson.com,South
C1003,Chad Baldwin,millerrebecca@hotmail.com,West
C1004,Jason Walls,dboone@castillo.biz,North
C1005,Michelle Bennett,brownrodney@vincent-johnson.com,North
C1006,Michael Montoya,chasechelsea@long-henry.net,West
C1007,Derek Fisher,bettyprice@yahoo.com,South
C1008,Kelly Logan,sophiacannon@bowen.info,North
C1009,Richard Hendricks,gmedina@richardson.com,West
C1010,Crystal Lowe,tammyjackson@walker-summers.com,West
C1011,Julie Chase,lutzfranklin@smith.com,South
C1012,Adam Ferguson,michaelcarpenter@yahoo.com,East
C1013,Kaitlyn Benton,denise91@santos-evans.info,East
C1014,Kevin Roberts,mcknightalexandria@morris.com,South
C1015,Kim Mosley,henry94@williams.com,South
C1016,Mark Simmons,kellyweiss@gmail.com,South
C1017,Stephen Carter,knightmichael@waters-roberts.com,East
C1018,Vincent Taylor,theresafisher@anderson.info,East
C1019,Andrew Alexander,maurice56@hotmail.com,East
C1020,Angel Parker,adamhall@fox-griffin.com,South
C1021,Rachael Steele,xstafford@yahoo.com,West
C1022,Ricky Rivera,ballardbrian@hotmail.com,West
C1023,Sarah Adams,mercadoandrea@gmail.com,South
C1024,Jessica Nelson,douglashogan@hotmail.com,East
C1025,Edwin Schmitt,gmcintyre@whitaker.com,South
C1026,Justin Williams,deanna32@berry.com,North
C1027,Joshua Day,sanchezangela@stark.biz,South
C1028,Vincent Smith,raymond05@howard.net,East
C1029,Glenn Richardson,alexandertammy@hotmail.com,West
C1030,Isabel Green,cartercharles@bryant.net,West
C1031,Joanne Garcia,qhoover@hotmail.com,West
C1032,Pamela Williams,lisa23@reynolds-torres.com,South
C1033,Michelle Beck,nstrickland@adams.biz,South
C1034,Susan Clark,harrisrebecca@moore-michael.com,North
C1035,Eric George,lisa30@edwards.com,East
C1036,Isaac Foley,dsmith@miles.org,North
C1037,Patricia Wilson,kswanson@beasley.com,East
C1038,Gregory Schmidt,stephaniehanson@welch.com,West
C1039,Keith Bradley,stantonkristopher@yahoo.com,North
C1040,Juan Kirby,wilsongeorge@hotmail.com,North
C1041,James Johnson,schwartzjohn@gmail.com,South
C1042,Jeffery Fitzgerald,egonzalez@hotmail.com,East
C1043,Christopher Lopez,rodney51@hotmail.com,West
C1044,Robert Parrish,davisgary@gmail.com,West
C1045,Nathan Hawkins,dunnkelli@page.biz,North
C1046,David Brown,richardjohnson@hines.com,West
C1047,Melissa Nelson,elizabethfrench@yahoo.com,North
C1048,Kevin Chavez,johnsoncarrie@yahoo.com,South
C1049,Phillip Sanford,jennifercantrell@gmail.com,South
C1050,Christine Robinson,zwhite@yahoo.com,West
C1051,Donna Lucero,melissasmith@gmail.com,West
C1052,Jesse Lopez,brooke41@ponce.com,East
C1053,Robert Marsh,ufernandez@hotmail.com,North
C1054,Sharon Gamble,jchang@reese-stephens.com,South
C1055,Sonya Nunez,terrihammond@yahoo.com,South
C1056,Michael Atkins,satkins@gmail.com,South
C1057,Ethan Welch,bobby02@ramirez-farley.info,North
C1058,Brian Larson,robertsjimmy@hotmail.com,East
C1059,Billy Chavez,padillatracy@yahoo.com,West
C1060,Michelle Reynolds,haynesashley@hotmail.com,East
C1061,Jasmine Farley,morrisonjohn@gmail.com,North
C1062,Evan Cruz,xfrazier@mcfarland-harris.com,South
C1063,Monica Wade,douglas34@jones.com,North
C1064,Peter Perez,andrewmedina@lowe.info,South
C1065,Andrea Griffith,clarketammy@bowen.com,South
C1066,Karen Paul,pacesandra@yahoo.com,North
C1067,Ariel Jackson,robersonjeffrey@schultz-stone.com,North
C1068,Richard Knight,lmarshall@hotmail.com,North
C1069,Carmen Barrett,jasonarnold@fox.com,North
C1070,Steven Holmes,morrisantonio@gmail.com,West
C1071,Douglas Hudson,hcobb@hotmail.com,East
C1072,Gary Ray,adam43@patel.biz,East
C1073,Peter Clark,daniel46@hunter.com,North
C1074,Alex Griffin,zcarrillo@moore.com,East
C1075,Kristin Mills,eriddle@gmail.com,West
C1076,Dr. Jesus Short,pschwartz@gmail.com,South
C1077,Patrick Lyons,julie06@yahoo.com,North
C1078,Nicole Wilson,charles96@berry-gonzalez.com,South
C1079,Regina Fuentes,denisestone@davis-doyle.info,South
C1080,Peter Snow,erin57@juarez.net,North
C1081,Cameron Fuentes,jperez@hotmail.com,North
C1082,Danielle Bennett,johnrivera@johnson.org,West
C1083,Howard Bennett,jacksonjacob@gmail.com,East
C1084,Debra Rodriguez,egarcia@phillips-carson.com,North
C1085,Cassandra Jones,nicolefrancis@dean-clark.org,West
C1086,Ronald Lee,jross@gmail.com,North
C1087,Heather Martinez,apeters@gmail.com,West
C1088,Daniel Ruiz,riverafred@gmail.com,West
C1089,Jeffrey Hansen,fullerpatty@castillo.com,East
C1090,Jeffrey Brooks,mitchellkelly@gmail.com,South
C1091,Michael Pierce,ngray@hotmail.com,South
C1092,Alexandra Hughes,angela73@li.com,East
C1093,Jasmine Serrano,jacksonanthony@phillips-perez.info,West
C1094,Donald Wilson,hmorales@yahoo.com,North
C1095,Jennifer Hansen,bquinn@hotmail.com,East
C1096,Michael Herman,lmclean@pham-terrell.com,East
C1097,Alisha Pope,walkerstacey@brown-miller.org,South
C1098,Cody Reynolds,millermichael@jones.org,North
C1099,Brian Keller,youngtoni@adams.com,North
C1100,Julie Riley,longjason@harris.com,North
C1101,Pamela Williams,laurawilson@yahoo.com,East
C1102,Justin Pearson PhD,chad01@yahoo.com,East
C1103,Isabella Pugh,fthornton@pugh.com,South
C1104,Hannah Henderson,amyperez@thompson.biz,North
C1105,Eric Mcgee,friedmanrachel@gmail.com,South
C1106,Stephen Johnson,ttaylor@gmail.com,East
C1107,Anne Austin,emily81@lynch.com,East
C1108,Crystal Dalton,joshuahill@yahoo.com,North
C1109,Sarah Ho,romancrystal@hotmail.com,South
C1110,David Murphy,jessicaharvey@davis.com,North
C1111,Jamie Salazar,onelson@wilson-hill.com,South
C1112,Travis Wade,antonioharris@yahoo.com,East
C1113,Melissa White,randallstephen@yahoo.com,North
C1114,Christopher Johnston,tinarandall@hughes-stevenson.net,East
C1115,James Bush,kiara87@gmail.com,North
C1116,Brian Simmons,mendozaalexandra@hotmail.com,East
C1117,Maureen Bentley,bergmathew@yahoo.com,South
C1118,Kristen Taylor,amy79@hart.com,South
C1119,Kirsten Gardner,brian38@cummings.com,North
C1120,Michael Hayes,aanderson@gmail.com,East
C1121,Brandy Wagner,markcampbell@larson.biz,West
C1122,Aaron Romero,gonzalezandrew@yahoo.com,East
C1123,Gary Castillo,leeanthony@sanders-steele.com,East
C1124,Anna Richards,pamelahenry@duncan.com,West
C1125,Larry Warner,merritttheresa@figueroa.com,East
C1126,Andrea Huynh,michael52@hotmail.com,South
C1127,Austin King,henryjoseph@shields-pena.com,West
C1128,Tyler Harris,nathanhowe@gmail.com,West
C1129,Tyler Cox,elizabeth76@parker-kirby.com,East
C1130,Morgan Schmidt,theresa62@clarke.org,North
C1131,Lori Olson,vpaul@jones.biz,South
C1132,Ashley Howell,dmcbride@gmail.com,East
C1133,Karen Smith,justin72@mendez.net,East
C1134,Kevin Molina,pamelamayo@williams.com,South
C1135,Christopher Garcia,drice@gmail.com,West
C1136,Robert Tucker,christinasalas@ward-bautista.com,North
C1137,Amanda Martinez,lstone@chapman-blair.info,North
C1138,Scott Calhoun,weekskevin@yahoo.com,North
C1139,John Rivera,howardlisa@yahoo.com,North
C1140,Kimberly Williams,jonathanbass@hotmail.com,West
C1141,David Reyes,johnsonjulie@garner.com,East
C1142,Timothy Baker,tinariley@knight.biz,West
C1143,Carl Morrow,yboyle@gmail.com,South
C1144,Lauren Aguilar,brooksbetty@paul.com,South
C1145,James Nguyen,yferguson@hotmail.com,East
C1146,Matthew Sexton,kyleshelton@hotmail.com,East
C1147,Diane Cochran,roberta03@smith.org,East
C1148,Donald Quinn,harringtonkatherine@gmail.com,East
C1149,Michael Adams,baldwinryan@yahoo.com,South
C1150,Kimberly Martinez,kerry32@jones.com,South
C1151,Victoria Garner,randolphdanielle@hotmail.com,West
C1152,John Chavez,robertoabbott@perkins.com,East
C1153,Michael Tapia,ericksonjames@yahoo.com,North
C1154,Justin Rodriguez,brian92@nelson.com,West
C1155,Michael Lewis,stephanie18@crawford-chambers.biz,South
C1156,Christopher Ramirez,lrosales@hotmail.com,East
C1157,Laura Wood,cynthiawilson@lopez.net,South
C1158,Crystal Alexander,lisagutierrez@anderson.org,North
C1159,Johnathan Wyatt,jennifer76@gmail.com,South
C1160,Steven Wright,aaronlee@hotmail.com,East
C1161,Brittany Davis,cory69@jennings.com,East
C1162,Steven Campbell,agardner@gordon.com,South
C1163,Rebecca Moran,john28@brown.biz,South
C1164,Robert Hatfield,lauriesims@dunn-willis.com,East
C1165,Alexandra Fields,michele68@hotmail.com,East
C1166,Tina Casey,lopezjohnny@ramirez.net,East
C1167,John Lozano,vfoster@jimenez.com,East
C1168,Kevin Valencia MD,joneskimberly@johns.biz,East
C1169,Joseph Torres,dsanders@martinez.net,North
C1170,Aaron King,torresandrew@hotmail.com,West
C1171,Michael Combs,jennifermorris@nunez.com,West
C1172,Katherine Thompson,sallygross@gmail.com,North
C1173,Lauren Henson,buchanandanny@gmail.com,West
C1174,Denise Hardy,ybrennan@yahoo.com,North
C1175,Jennifer Ramirez,michael19@hoffman-wade.biz,South
C1176,Edward Hernandez,lopezpaul@james.biz,South
C1177,Victoria Mitchell,nathan71@smith.com,East
C1178,Nathan Cole,udavis@ford-mccarthy.com,North
C1179,Heather Henry,stacy27@yahoo.com,West
C1180,Brent Brooks,whitetiffany@wilson-roberts.com,West
C1181,Terry Bradford,janehancock@scott.info,South
C1182,Shane Anderson,bjames@gmail.com,North
C1183,Alicia Walters,rjordan@schmidt.com,North
C1184,Thomas Conner,oconnorsydney@hotmail.com,South
C1185,Richard Stephens Jr.,villarrealryan@mclaughlin.com,West
C1186,Barbara Jones,joneschristian@herring.com,North
C1187,Andrew Stewart,suzannemorgan@gmail.com,North
C1188,Timothy Molina,charlesjoseph@liu-parrish.com,North
C1189,Jessica Patterson,wwells@gmail.com,East
C1190,Charles Henderson,lnichols@alvarado.biz,East
C1191,Robin Huffman,jody79@mullins-lee.org,South
C1192,Zachary Gibson,amandarobinson@gmail.com,North
C1193,Heather Bates,nicholas69@gmail.com,West
C1194,Lynn Meyer,graveschad@hotmail.com,North
C1195,Diane Nixon,stephenbrooks@frey-ruiz.info,South
C1196,David Bolton,williamsethan@yahoo.com,East
C1197,Sabrina Cardenas,nicolemoore@mendez.com,South
C1198,David Brewer,pjohnson@waters.com,South
C1199,Wendy Sanchez,mariahbell@hotmail.com,North
C1200,Ashley Ali,mcgeejoan@hawkins.com,West
C1201,Nicholas Smith,stephanie02@gmail.com,South
C1202,Michelle Hernandez,tcunningham@gordon-shepherd.com,West
C1203,Russell Robinson,elarson@morris.info,North
C1204,Stephanie Wilson,dawsonthomas@myers.com,West
C1205,Katie Johnson,nnguyen@davis.com,South
C1206,Sarah Austin,ywebb@hotmail.com,North
C1207,Andrew Brewer,kaufmanstephanie@gmail.com,North
C1208,Jamie Holmes,johnlewis@haas.com,South
C1209,Curtis Blackwell,timothy45@herrera-grant.com,West
C1210,Jeremy Gonzalez,davidpage@gmail.com,North
C1211,Susan Martinez,singletoncarol@gmail.com,East
C1212,William Tucker,joseph42@gmail.com,North
C1213,Sarah Rogers,marcus57@hotmail.com,West
C1214,John Vargas,hhall@smith.com,North
C1215,Charles Bennett,kthomas@hotmail.com,East
C1216,Matthew Wilson,anthony52@franco.com,South
C1217,Emily Casey,hebertmichael@cochran-coleman.info,East
C1218,Joel Zimmerman,anitacohen@hotmail.com,East
C1219,Nicholas Perez,robert84@yahoo.com,East
C1220,Ronald Martin,martinezmartha@valentine.biz,West
C1221,Kellie Alvarado,wdixon@hotmail.com,South
C1222,Toni Martinez,malexander@fitzgerald.com,East
C1223,Lauren Martin,dennisjackson@yahoo.com,North
C1224,Todd Lucero,crystalmorrison@sanders-dunlap.org,East
C1225,Dr. Caroline Parker,brittany52@lopez.biz,North
C1226,Michelle Hawkins,bryantdonald@yahoo.com,East
C1227,Joseph Murphy,sharon24@fox.com,East
C1228,Ms. Jeanne Jackson,robin93@delgado.com,South
C1229,Kelly Newman,elizabethsnyder@barnett.net,East
C1230,Jenny Lewis,kfletcher@maldonado.com,South
C1231,Tyler Hernandez,jerry62@gmail.com,West
C1232,Adam Black,mirandaerickson@bradley-snyder.com,East
C1233,Phillip Lewis,ryan61@davis.com,North
C1234,Melanie Collins,wilsonelizabeth@yahoo.com,West
C1235,Mary Reed,michaelschmitt@martinez.biz,East
C1236,Charles Robertson,mbaker@gmail.com,East
C1237,Louis Hansen,jessehall@hotmail.com,East
C1238,Morgan Barnes,fhart@dorsey.com,West
C1239,Brenda Mosley,langbruce@riley.com,East
C1240,Hayley Richardson,pcunningham@hotmail.com,East
C1241,Crystal Fitzgerald,jordankelsey@yahoo.com,North
C1242,Randy Suarez,zgray@hotmail.com,East
C1243,Tina Holmes,eric25@hotmail.com,East
C1244,Joshua Carter,conwayalexander@gmail.com,South
C1245,Matthew Chen,stewartpeter@gmail.com,North
C1246,John Ruiz,jonesjacqueline@hotmail.com,West
C1247,Heather Garcia,sabrinaruiz@gmail.com,South
C1248,Sara Lee,ryanrandall@yahoo.com,North
C1249,Anna Washington,qberger@hernandez-williams.com,East
C1250,John Larsen,jeffery16@yahoo.com,North
C1251,Patricia Castillo,mbrown@yahoo.com,North
C1252,Anna Valdez,fflores@castillo.com,South
C1253,Leslie Alexander,milesshannon@bullock.com,South
C1254,Mark Gutierrez,nicole10@hotmail.com,South
C1255,Meghan Duke,michael58@adkins.com,West
C1256,Frank Hanson,qkrueger@weaver-burton.com,West
C1257,Paul Jones,kelly49@macdonald.com,West
C1258,Brittney Hill,kennethwilliams@yahoo.com,North
C1259,Michael Jackson,nicoleanderson@gmail.com,South
C1260,Daniel Stewart,matthew88@henry.com,West
C1261,Alejandro Tanner,kurt10@shaw-nelson.info,West
C1262,Margaret Sutton,sanchezjennifer@baldwin.com,East
C1263,David Conway,robert71@carter-brown.com,West
C1264,Brandon Pena,jonathonrandall@jackson-warner.com,West
C1265,Margaret Johnson,robert04@yahoo.com,East
C1266,Nicholas Carney,collinswhitney@henderson.net,East
C1267,Sarah Ramos,sarah45@goodman.biz,North
C1268,Renee Hernandez,fosterrenee@allen-carr.com,North
C1269,Kenneth Pennington,josephchristopher@stewart.com,West
C1270,Alexander Molina,aguilarjoshua@boyer.com,South
C1271,Ashley Phelps,jwhite@hernandez-montgomery.com,East
C1272,Daniel Allen,fanderson@simpson.com,West
C1273,John Morgan,hyang@gmail.com,South
C1274,Laura Jackson,kpage@yahoo.com,West
C1275,Deborah Sloan,william97@hotmail.com,South
C1276,Russell Vega,todd15@gmail.com,North
C1277,Aaron Jackson DVM,elliottstephen@kline-johnson.net,South
C1278,Robert Salinas,veronicawillis@white.org,South
C1279,Rebecca Campbell,michelle21@gmail.com,East
C1280,Adam Johnson,ayersbrenda@yahoo.com,South
C1281,Jennifer Brown,jbarnes@yahoo.com,West
C1282,Jorge Mason,imoore@carter.biz,West
C1283,Rhonda Bryant,ramirezjohnathan@davis.com,East
C1284,Carla Davila,gatesryan@moore.com,East
C1285,Elizabeth Lewis,jennifer74@gmail.com,West
C1286,David Johnson,jessicawest@yahoo.com,East
C1287,Steven Rich,mcintoshjohn@yahoo.com,South
C1288,Michael Giles,leehill@hotmail.com,West
C1289,Tracy Arnold,watsonmikayla@jacobson-williams.com,North
C1290,Vincent Martinez,hwilliams@yahoo.com,West
C1291,Ryan Stone,allison91@gmail.com,West
C1292,Kyle White,ryanjohn@yahoo.com,North
C1293,Jeffrey Hobbs,kimberlywoodard@yahoo.com,East
C1294,Jasmine West,tcampbell@hotmail.com,West
C1295,Kimberly Mann,sheliarosario@hotmail.com,East
C1296,Crystal Salas MD,joy40@sampson.com,North
C1297,Jesse Olson,rodriguezsamantha@soto-villarreal.com,West
C1298,Connie Ruiz,jamesrobert@hotmail.com,East
C1299,Jacob Alvarez,gregory69@hotmail.com,East
C1300,Gabriela Jones,garyguzman@dickerson-stewart.com,East
C1301,Tyler Galloway,amy93@hotmail.com,West
C1302,Theresa Davis,joseph31@leblanc-ortega.com,West
C1303,Jason Perez,kaylavalencia@gmail.com,East
C1304,Kevin Russell,njohnston@farrell-palmer.net,West
C1305,Christina Brown,michael65@hotmail.com,West
C1306,John Hall,jessica79@thomas-higgins.com,East
C1307,Colton Moore,francispaul@martinez.com,West
C1308,Corey Barnes,phancock@yahoo.com,East
C1309,Jeff Ayers,mcbridesamantha@jackson.com,South
C1310,Richard Huffman,veronicaevans@yahoo.com,North
C1311,Elizabeth Bennett,theresa00@patel.com,West
C1312,Jacob Taylor,stephanietrujillo@yahoo.com,South
C1313,Larry Mueller,anthonythompson@patterson.com,South
C1314,Elizabeth Huerta,maldonadoscott@hotmail.com,South
C1315,Douglas Gonzalez,deborah41@yahoo.com,North
C1316,Casey Smith,austinward@yahoo.com,West
C1317,Megan Velasquez,james86@gmail.com,North
C1318,Nathaniel Gomez,brownscott@yahoo.com,North
C1319,Christina Osborn,nancyrodriguez@smith.com,North
C1320,Dr. Tamara Nguyen,kristinnixon@melton.com,West
C1321,Dana Malone,megan81@thompson-allen.com,North
C1322,Audrey Duncan,joshuamaldonado@hotmail.com,West
C1323,Sean Hall,davisrobert@hotmail.com,West
C1324,Ana Campbell,huffrobert@gmail.com,South
C1325,Matthew Harris,kanderson@farmer.net,North
C1326,Catherine Turner,ustephenson@villarreal.com,East
C1327,Cody Young,ashleyburgess@le.com,West
C1328,Matthew Lester,john91@gmail.com,East
C1329,Jennifer Jackson,eric73@jenkins-craig.biz,North
C1330,Brittany Hughes,tylerjimenez@santos.com,West
C1331,Hannah Hill,xcaldwell@yahoo.com,North
C1332,Alexandria Walls,karen38@gmail.com,East
C1333,Matthew Simmons,huffmancameron@yahoo.com,West
C1334,Marcus Davis,jennifer44@bradley.com,South
C1335,Julie Foster,aguirresergio@thomas.com,West
C1336,Julie Ho,jacksonnatalie@snow.info,North
C1337,Cesar Hensley,joseph17@hotmail.com,West
C1338,Charles Knox,kpowell@leonard-bonilla.org,North
C1339,Amy Clark,uray@frost.com,North
C1340,Robert Gray,jacobclark@hotmail.com,South
C1341,Kathleen Bryant,wgreen@hotmail.com,West
C1342,Mark Simpson,rachelwilliams@delgado.com,North
C1343,Charles Maldonado,pking@barker-wise.com,East
C1344,Sean May,asmith@cunningham.info,North
C1345,Brenda Wilkinson,lcopeland@rodriguez-velasquez.org,West
C1346,Ashlee Wise,carterelizabeth@hall.com,North
C1347,Michael Moore,marthahenry@bowen.com,South
C1348,Rebecca Graham,gonzalezdawn@hotmail.com,North
C1349,Julie Johnson,sherrivincent@hart.com,North
C1350,Joshua Collins,ogonzalez@wilson.com,West
C1351,Michael Thompson,tsmith@gmail.com,North
C1352,Cheryl Wilkinson,kristina12@gmail.com,East
C1353,Erica Hill,lewiskatherine@roth-miles.com,North
C1354,Blake Goodwin,tyler99@haley.biz,East
C1355,Bruce Dickerson,sandra95@woods.com,West
C1356,John Mcfarland,mariaarnold@yahoo.com,East
C1357,Donald Ward,blevinsbradley@perez-manning.com,West
C1358,Charles Williams,harriscynthia@gmail.com,West
C1359,Stephanie Anderson,clarkjeffrey@rivera.com,North
C1360,Jennifer Hernandez,kaitlin94@russell-smith.info,East
C1361,Lisa Chambers,njohnson@davies-sanford.net,West
C1362,James Abbott,cpatterson@jones.com,East
C1363,James Jones,bushalison@weaver.info,North
C1364,Bonnie Lopez,timothy51@hernandez.com,West
C1365,Julie Barnes,yhaney@hotmail.com,North
C1366,Deborah Anderson,jamesterry@wall-hamilton.com,North
C1367,Nicholas Harper,carolynli@bender-mcconnell.com,South
C1368,Trevor Williams,hamiltonchristina@gmail.com,North
C1369,Kara Hayes,lesliebranch@gmail.com,South
C1370,Janet Patterson,parsonschristopher@williams.biz,North
C1371,Kevin Carrillo,amanda79@smith.com,West
C1372,Seth Becker,umartinez@rubio-young.com,East
C1373,Stephanie Garcia,nharris@shannon-glenn.biz,North
C1374,Bethany Warner,kimberly66@gmail.com,North
C1375,John Cardenas,lewissamuel@hotmail.com,East
C1376,Shane Bryant,markmoore@yahoo.com,North
C1377,Shelby Brown,ssmith@burgess-gardner.com,East
C1378,Taylor Landry,sherri67@smith-cook.info,South
C1379,Erika Hill,alisonrobinson@gmail.com,North
C1380,Sarah Howard,michael02@yahoo.com,East
C1381,Janet White,lbranch@williams.org,South
C1382,Erika Lozano,dustinvasquez@smith.com,East
C1383,Jennifer Johnson,martinezbenjamin@hughes.biz,North
C1384,Kayla Hernandez,rhonda07@chung-james.com,South
C1385,Martin Paul,xperez@hotmail.com,North
C1386,Johnathan Aguilar,robertbarker@rivas.com,North
C1387,Jasmine Henry,anne65@hotmail.com,East
C1388,Glen Thomas,jordan73@hotmail.com,South
C1389,Dennis Taylor,cody25@gmail.com,West
C1390,Savannah Walker DVM,sabrina22@moore-lopez.com,East
C1391,Zachary Briggs,davidcastillo@gmail.com,East
C1392,Tara Collins,kristendelacruz@cooper-sparks.info,North
C1393,Mary King,smithchristopher@miller.com,West
C1394,Donald Bradley,todd98@garcia-miller.info,West
C1395,Michelle Lyons,amandamurphy@yahoo.com,North
C1396,Daniel Torres,timothy27@hobbs.com,North
C1397,Heather Brown,richardcooper@santiago.com,West
C1398,Jennifer Stuart,ftaylor@stone-jones.com,West
C1399,Elizabeth Martin,jesse69@hotmail.com,South
C1400,Valerie Buck,caseytom@hotmail.com,North
C1401,Emily Welch,april37@gmail.com,West
C1402,Angel Holt,linda02@grimes.com,East
C1403,Michelle Martin,waltersdavid@berry.net,South
C1404,Douglas Murphy,daniel70@yahoo.com,South
C1405,Charles Miranda,anthony52@hotmail.com,East
C1406,Amanda Sharp,xbrown@keller.net,West
C1407,Emily Carpenter,bennetthunter@garner.com,West
C1408,Carlos Gibson,melissa49@hotmail.com,West
C1409,Brian Long,jamiekelly@black.com,West
C1410,Claire Lee,bakeranthony@warren-snyder.com,South
C1411,Yvonne Garcia,larsenian@king.biz,West
C1412,Renee Bradshaw,samanthawells@brown.net,West
C1413,Jesus Gillespie,williamsjohn@boone.com,North
C1414,Melanie Little,shawn36@cordova-smith.com,North
C1415,Rebecca Sampson,christopher08@yahoo.com,North
C1416,Jonathan Lowe,etaylor@yahoo.com,South
C1417,Sarah Martinez,imcclure@gmail.com,South
C1418,Brenda Crawford,tamaragrant@yahoo.com,North
C1419,Eugene Turner,michael89@serrano.com,West
C1420,Diane Reed,melissa84@griffith.com,North
C1421,Mrs. Ana Hill,hoganglenn@anderson-greene.info,East
C1422,Robert Henderson,meyertonya@hotmail.com,West
C1423,Donna Herring,josephvelazquez@johnson-johnson.com,East
C1424,David Gonzalez,eenglish@snyder.info,North
C1425,Brittany Gomez,kelsey66@gmail.com,South
C1426,Robert Patterson,simpsonrussell@hinton-strickland.org,West
C1427,Andrea Miles,adamsjohnathan@dougherty.org,West
C1428,Amy Stevens,donnaparrish@gmail.com,East
C1429,Terry Hubbard,owensjason@wilkerson.com,East
C1430,Bradley King,iherrera@yahoo.com,West
C1431,Sheri Ellis,elliottlouis@zimmerman.com,South
C1432,Michelle Bond,thompsonsarah@gmail.com,East
C1433,Andrew Anderson,xcrawford@hotmail.com,East
C1434,Kim Simmons,tinawilson@ross-brown.biz,North
C1435,Holly Scott,jenniferdickerson@owens.com,North
C1436,Lisa Fischer,xrhodes@davis-conrad.com,West
C1437,Timothy Wells,timothychapman@harvey.info,West
C1438,Rachel Armstrong,tiffany63@morris-taylor.com,South
C1439,Katie Singh,tracy52@vasquez.info,South
C1440,Kristina Marks,philipgutierrez@gmail.com,East
C1441,Amy Yu,marvinlucero@watson.com,South
C1442,Larry Hansen,oliverjonathan@day.com,West
C1443,Alexander Bauer,egilbert@gmail.com,West
C1444,Mary Robinson,wrhodes@hotmail.com,North
C1445,David Hamilton,ggentry@yahoo.com,North
C1446,Rachel Ayers,sophiajones@owen-perez.com,North
C1447,Christine Porter,natalieunderwood@foster.net,South
C1448,Deanna Daugherty,agarrett@yahoo.com,West
C1449,Marie Copeland,mark36@gmail.com,East
C1450,Thomas Roberts,kellyjames@yahoo.com,East
C1451,Rebecca Zimmerman,nicholassmith@hotmail.com,North
C1452,Shane Baker,matthew61@chaney.biz,North
C1453,John Perez,silvathomas@gmail.com,West
C1454,Ryan Johnson,charles39@orozco.com,West
C1455,Deborah Townsend,alan22@smith.com,North
C1456,Ann Vasquez,jonathanfoster@ramirez.info,South
C1457,Patrick Singleton,turnermatthew@hotmail.com,East
C1458,Patrick Smith,tamaramorris@potts.com,West
C1459,Michael Patterson,taylor09@yahoo.com,North
C1460,Kimberly Barnes,trevorsantiago@morris-sanchez.org,East
C1461,Jacqueline Contreras,tshaw@garcia.com,East
C1462,Brett Rodriguez,salazarchristopher@chang.com,East
C1463,Philip Mccormick,james57@hotmail.com,West
C1464,Cody Powell,marshallchristy@gmail.com,South
C1465,Ashley Harrison,katherineayers@white.com,West
C1466,Larry Everett,swilliams@rowland-young.org,South
C1467,Darius Johnston,dmeyers@green.com,South
C1468,Ronald Conner,dherrera@scott-yates.info,West
C1469,Briana Terrell,mark43@ayers-mckenzie.com,South
C1470,Miguel Perry,barbervictoria@yahoo.com,East
C1471,Jason Lopez,phillipswesley@gmail.com,West
C1472,Patricia Matthews,lpitts@black.com,South
C1473,Cody Reeves,matthewmarshall@hickman.info,East
C1474,Paul Wolfe,petersthomas@ryan-matthews.org,West
C1475,Ashlee Rodriguez,joshua12@hotmail.com,North
C1476,Amber Short,jwatts@gmail.com,North
C1477,Amanda Hughes,anne84@lee-brown.com,East
C1478,Andrew Martin,marybuckley@zavala.com,North
C1479,Lucas Brennan,stephanieberry@andersen-anderson.biz,North
C1480,Steven Lee,elittle@gmail.com,North
C1481,Scott Williams,anthonyvance@hotmail.com,South
C1482,Kathleen Garza,kristen65@hotmail.com,West
C1483,Rodney Moore,paul33@yahoo.com,West
C1484,Cody Blankenship,randyprice@frazier.biz,North
C1485,Craig Bass,owhite@vaughan.com,East
C1486,Rebekah Rangel,michaelmason@hotmail.com,South
C1487,Kelly Robinson,dsmith@hotmail.com,East
C1488,Dr. Brandon Hoffman,travismoore@gmail.com,West
C1489,Brenda Shaw,reedmichael@hotmail.com,South
C1490,Daniel Morgan,wujulie@diaz.com,West
C1491,Cynthia Stewart,kennethharris@gmail.com,West
C1492,Daniel Wright,thompsonisabel@hotmail.com,South
C1493,Lisa Watts,cassidymckay@best.com,North
C1494,Susan Willis,marvinboyd@price.info,East
C1495,Ashley Pennington,catherine16@hotmail.com,North
C1496,Janet Murphy,sally83@griffin-jackson.com,North
C1497,Heidi Fisher,kayla18@macias.com,South
C1498,Wanda Murphy,jeffreymoore@gmail.com,West
C1499,Kristine Cook,mlee@gmail.com,South
C1500,Katherine Gross,william89@gordon-cunningham.com,East
C1501,Robert Roberts,katherine59@martinez.info,South
C1502,Dawn Parker,owensjennifer@yahoo.com,South
C1503,George Tate,kelly62@boone-robertson.biz,East
C1504,Pamela Rice,darryl21@hotmail.com,North
C1505,Larry Jackson,agonzalez@gmail.com,West
C1506,Kyle Jimenez,stephensonpatricia@cunningham.com,West
C1507,Jacob Baker,aliciabennett@henderson.com,West
C1508,Anna Osborne,melissa58@bright-howe.com,West
C1509,Leslie Pope,nicholas09@gmail.com,East
C1510,Jamie Harris,perrykline@kelly.com,West
C1511,Dakota Greene,mendozachristopher@yahoo.com,North
C1512,Bryan Wallace,michaelhenry@yahoo.com,North
C1513,Abigail Vargas,sarahwolf@yahoo.com,South
C1514,Michael Harris,wilcoxelizabeth@gmail.com,South
C1515,Justin Anderson,rachelrodriguez@hotmail.com,South
C1516,David Black,oalexander@clark.com,North
C1517,Vanessa Shannon,shannon24@green.biz,East
C1518,Edward Allen,austin01@hotmail.com,West
C1519,Jennifer Adams,emeyers@gmail.com,West
C1520,Andrea Ayala,kpena@gmail.com,East
C1521,Vanessa Mcdonald MD,kevin69@lopez.com,West
C1522,Diane Jones,mark78@gmail.com,East
C1523,Tracey Rush,jennifer36@crawford-roman.com,West
C1524,Ashley James,zlee@smith.com,North
C1525,Brenda Young MD,eramsey@mills.info,North
C1526,Jennifer Lopez,rossthomas@flowers-jones.com,North
C1527,Jacob Gross,dorozco@gmail.com,North
C1528,Ashley Mckee,trevor49@gmail.com,North
C1529,Mary James,munozmason@yahoo.com,East
C1530,Christopher Wilson,jennifer69@gmail.com,South
C1531,Jeffery Dawson,pallen@gmail.com,South
C1532,Vincent Drake,armstrongerin@bennett.biz,East
C1533,Jessica Patel,christina52@foster.com,East
C1534,Nicole Mack,morrismelinda@gmail.com,North
C1535,Lori Williams,scottbeck@hotmail.com,North
C1536,Richard Gonzales,pittssteven@rodriguez-james.com,North
C1537,Steven Lee,glenngallegos@martin.com,West
C1538,Mark Smith,barnesshawn@ross.com,North
C1539,Isabella Jackson,ewebb@aguirre-alexander.net,East
C1540,Brian Stafford,deanna79@young-peters.com,East
C1541,Eric Hopkins,dbutler@gmail.com,West
C1542,Gregory Williams,patricia41@gmail.com,East
C1543,Sarah White,ogonzalez@hotmail.com,South
C1544,Rose Hart,chad20@yahoo.com,West
C1545,Shannon Benson,ethan76@baker.com,West
C1546,Mark Hall,melissapeterson@gmail.com,West
C1547,John Dixon,christine72@vega.biz,North
C1548,Anthony Carter,reeddonna@pierce.com,North
C1549,Angel Harris,tmccarty@yahoo.com,West
C1550,Kevin Nelson,brianna69@yahoo.com,South
C1551,Adriana Johnson,andersonmichelle@wilson-cline.biz,North
C1552,Wendy Edwards,kmyers@reeves.info,West
C1553,Jonathan Shepherd,fletcherjane@hotmail.com,West
C1554,Randy Fox,rebecca95@gmail.com,South
C1555,David Green,diane52@hotmail.com,East
C1556,Erin Villa,frankhurst@brown-howell.com,North
C1557,William Kirby,zhickman@martin.org,East
C1558,Elizabeth Mccoy,tyler16@hotmail.com,East
C1559,Amanda Bradshaw,richard67@wilson-waters.biz,East
C1560,Tina Pena,sherryfreeman@freeman.org,East
C1561,Tina Anderson,crawforddennis@cox.com,North
C1562,Isaac Lang,shepardnicholas@clark.com,North
C1563,Heidi Berry,john55@hotmail.com,South
C1564,Danny Willis,fdavis@yahoo.com,South
C1565,Courtney Brewer,xcruz@hotmail.com,West
C1566,David Hess Jr.,gonzaleserica@yahoo.com,South
C1567,Frances Reed,emurray@gmail.com,West
C1568,Justin Jackson,morserichard@alvarez.com,East
C1569,Katherine Navarro,jrodriguez@gmail.com,South
C1570,Jeffrey Baldwin,lee79@matthews.net,South
C1571,Melanie Reynolds,huffdaniel@hotmail.com,West
C1572,Kelsey Frederick,smoon@robinson.org,West
C1573,Jacob Wilson,baileyshannon@hotmail.com,West
C1574,Sean Johnson,mathischristopher@mcdaniel.info,West
C1575,Jeffery Maldonado,gjohnson@willis.com,North
C1576,Tanner Dominguez,rprice@gmail.com,South
C1577,Sierra Long,stephensjennifer@hotmail.com,South
C1578,Linda Taylor,nwu@yahoo.com,North
C1579,Cody Stevens,deannamartin@moses.org,South
C1580,Adam Lee,johncarson@yahoo.com,East
C1581,Paula Leon,huntersean@rivera.org,East
C1582,Joseph Poole,bryan59@hotmail.com,West
C1583,Riley Ward,clowe@thompson.com,East
C1584,Jason Williamson,lindseyrogers@yahoo.com,West
C1585,Gail Smith,sconway@white.com,South
C1586,Benjamin Nichols,uduncan@neal.info,South
C1587,Danny Morrison,stevenrusso@gmail.com,South
C1588,Jodi Garza,david46@yahoo.com,North
C1589,Joseph Schmidt,fgill@may.com,South
C1590,Bradley Byrd,hrangel@gmail.com,West
C1591,Connor Thomas,robinsonandrew@hotmail.com,South
C1592,Taylor Huang,ebarrett@goodwin.net,East
C1593,Danielle Schneider,dayanita@clark.com,South
C1594,Kenneth Underwood,ashley98@anderson.org,East
C1595,Diane Bishop,crawfordscott@hotmail.com,North
C1596,Anthony Diaz,kendrabell@williams.info,West
C1597,William Gomez,brownjessica@thomas.com,East
C1598,Christine Riley PhD,ijones@johnson.info,East
C1599,Michele Baxter,dwaynehaynes@edwards.biz,West
C1600,Patricia Fisher,smithgary@hotmail.com,East
C1601,Shane Campbell,qfranklin@peters.biz,South
C1602,Amy Kline MD,calvin33@hotmail.com,North
C1603,Scott Mitchell,jonescraig@yahoo.com,West
C1604,David Wilkins,shane00@yahoo.com,South
C1605,Joshua Berry,morgancobb@gmail.com,South
C1606,Ashley Anderson,brownjeremy@carey.com,North
C1607,Kari Moore,savannahjohnson@hanna-delgado.biz,South
C1608,Christina Fry,christina49@gonzalez.info,West
C1609,Christopher Williams,fisherlisa@yahoo.com,North
C1610,Robert Hampton,yjohnson@hotmail.com,North
C1611,Gina Sellers,hkidd@hotmail.com,West
C1612,Emily Klein,lyonspamela@young-mccall.net,North
C1613,Shirley Davis,sharon86@harris.com,West
C1614,Robin Tapia,justin57@yahoo.com,East
C1615,Laura Kelley,natalierasmussen@roberts.com,West
C1616,Kurt Smith,michael64@sullivan-peterson.com,South
C1617,Michael George,holtjessica@holmes.info,South
C1618,Alan Roberts,qjohnson@yahoo.com,North
C1619,Colleen Santiago,kevinschwartz@yahoo.com,West
C1620,Sarah Sullivan,vwhite@yahoo.com,South
C1621,Jacqueline Clark,clementschristine@yahoo.com,South
C1622,Daisy Livingston,tnovak@hotmail.com,South
C1623,William Ross,powersjuan@johnson.com,South
C1624,Amy Blake,richard31@williams.biz,South
C1625,Mr. Derrick Krueger,barnesfranklin@hotmail.com,East
C1626,Seth Herrera,matthew84@santos-jordan.com,South
C1627,Christopher Jones,martinkenneth@yahoo.com,West
C1628,Joshua Hernandez,michael64@hotmail.com,North
C1629,Lisa Moody,bauerisaiah@mccarty-solis.com,North
C1630,Tamara French,pford@garcia-gardner.info,South
C1631,Molly Long,rileyjacob@yahoo.com,South
C1632,Karen Barrett,jmiller@hotmail.com,North
C1633,Rachel Lopez,justin71@hardy.net,South
C1634,Kenneth Cox,leeshawn@smith-mueller.info,East
C1635,Joseph Boyd,michaelnelson@yahoo.com,East
C1636,Dr. Kelly Anthony,gonzalesrobert@gmail.com,North
C1637,Monica Miranda,delgadoamber@wise-white.info,North
C1638,Michele Hull,norrisjulie@gregory-allen.com,North
C1639,Sean Brown,cookbrandy@yahoo.com,East
C1640,Seth Smith,jfranco@bush-brown.com,North
C1641,Crystal Rush,camposbenjamin@gmail.com,North
C1642,Hunter Martinez,warnerdonald@lloyd.com,South
C1643,Bradley Hill,dcook@hotmail.com,West
C1644,Joshua Larson,rodney10@salas-michael.org,East
C1645,William Long,katherinewelch@horton-adams.net,West
C1646,Kevin Wise,brandonmatthews@hotmail.com,West
C1647,Cynthia Nichols,goliver@yahoo.com,South
C1648,Mark Castro,thomascody@gmail.com,South
C1649,Philip Nguyen MD,gadams@smith.com,West
C1650,Wayne Mccormick,millerchristopher@roman.com,East
C1651,Danielle Nash,brendathompson@rogers.com,East
C1652,Amy Davis,vbrewer@scott-sanders.net,North
C1653,Michael Powell,chad52@mueller.com,East
C1654,Antonio Blanchard,brianwilliams@alexander.com,South
C1655,Larry Coleman,mikewright@gmail.com,North
C1656,Debra Walker,victoria61@thomas.com,East
C1657,Robin Berry,eweaver@yahoo.com,South
C1658,Danielle Levine,gibsonmichael@gmail.com,East
C1659,Angela Lewis,stanleydavid@gmail.com,North
C1660,Nathan Graves,hannahbenjamin@case.com,West
C1661,Catherine Bishop,jgarcia@simpson.com,East
C1662,Ryan Lewis,qbutler@yahoo.com,East
C1663,Catherine Carr,joneschristina@yahoo.com,East
C1664,Madison Morales,tracyhall@hotmail.com,West
C1665,Andrew Glenn,lynntrujillo@nguyen.info,West
C1666,Brittany Dennis,deborahduran@booker.com,North
C1667,Andrew Williams,fmcdonald@love-jones.com,North
C1668,Thomas Haynes,courtneydavis@kim-miller.biz,North
C1669,Crystal Wright,williamseric@morrison.com,North
C1670,Donna Singleton,michaelmoody@shaffer.com,South
C1671,Kelly Drake,lindaboyd@hotmail.com,North
C1672,Alexander Patterson,lisa29@hatfield-mooney.com,East
C1673,Dr. Tiffany Small,brookemitchell@porter-taylor.com,South
C1674,Gwendolyn Dixon,stephanieramirez@delacruz.com,East
C1675,Regina Davis,parrishjennifer@stevens-murphy.net,South
C1676,Matthew Johnson,kristin50@hotmail.com,West
C1677,Shawn Fuller,lucashicks@hotmail.com,West
C1678,Alexander Boyd,richardrosales@gmail.com,East
C1679,Robert King,sandersphillip@smith-stewart.com,West
C1680,Mandy Garcia,jonathan21@gmail.com,North
C1681,Maria Strong,jessica35@clark-adams.com,East
C1682,Stanley Mitchell,dana43@gmail.com,North
C1683,Amy Barnes,flemingwayne@hotmail.com,North
C1684,Joe Pierce,bennettpatricia@yahoo.com,North
C1685,Stacie Nixon,twelch@morales-stone.com,North
C1686,Tonya Stone,rebecca65@yahoo.com,North
C1687,Angela Martin,jason11@benjamin-jones.com,North
C1688,Joseph Padilla,lrogers@yahoo.com,South
C1689,Michael Williamson,michelerowland@banks.com,North
C1690,Wayne Reed,hlee@hotmail.com,West
C1691,Dustin Olsen,laura84@gmail.com,West
C1692,Ann Williams,nsmith@yahoo.com,East
C1693,Kristen Jones,vasquezbryan@frank.com,West
C1694,Tiffany Barker,frankhill@baker.com,North
C1695,Peter Ortega,alvaradokevin@allison.com,North
C1696,John Crane,shanehaynes@yahoo.com,West
C1697,Spencer Lewis,latasha02@carter.com,South
C1698,Julie Bernard,emily39@chavez-caldwell.com,West
C1699,Shannon Allen,igarcia@edwards.com,East
C1700,Pedro Price,emilyramirez@hotmail.com,South
C1701,Cindy King,qgallegos@yahoo.com,North
C1702,Diane Andrews,parsonselizabeth@yahoo.com,North
C1703,Robert Williams,wmartinez@yahoo.com,North
C1704,Brian Clark,vmartin@mcdonald.info,West
C1705,Austin Barnes,daniellejohnson@park-garcia.biz,South
C1706,Lawrence Blair,ericclark@butler-chen.biz,North
C1707,Teresa Bowman,parkermatthew@gonzalez.org,East
C1708,Nicole Brooks,ttucker@yahoo.com,West
C1709,Lucas Wood,michael56@hotmail.com,West
C1710,Justin Humphrey,bferguson@gmail.com,West
C1711,Bradley Bryant,wdavis@ramirez.com,South
C1712,Adam Jones,sanderstimothy@ballard.biz,East
C1713,Jared Lambert,hjimenez@yahoo.com,West
C1714,Adam King,nchavez@phillips.biz,West
C1715,Bryan Hogan,krystal72@gmail.com,North
C1716,Alison Stewart,laura74@russo.biz,East
C1717,Kathy Gibson,smueller@bennett.com,East
C1718,John Diaz,dustinrodgers@richardson.net,South
C1719,Elizabeth Ross,ricardohoffman@hotmail.com,South
C1720,Cheryl Shannon,belllogan@gmail.com,East
C1721,Robert Kaufman,iflores@carpenter.net,North
C1722,Gina Rivers,desiree34@williams.com,South
C1723,Tricia Carter,greenerica@hotmail.com,West
C1724,Ethan Wright,iclark@hernandez-floyd.com,North
C1725,Michelle Richards,uthornton@hotmail.com,North
C1726,Jacob Raymond,tammyanderson@hotmail.com,South
C1727,Michael Rhodes,popebrandon@martinez-malone.com,East
C1728,Jonathan Myers,stephen42@hotmail.com,East
C1729,Samantha Heath,grossdavid@hotmail.com,North
C1730,James Ware,xpotts@smith-williams.com,West
C1731,Jacob Stevens,debrasmith@robbins-mejia.info,North
C1732,Debra Zhang,carlosholland@carter.com,West
C1733,Michael Swanson,sandramoon@hotmail.com,West
C1734,Zachary Miller,ryanhorne@yahoo.com,East
C1735,Michael Coleman,victoria76@yahoo.com,South
C1736,Mr. Ryan Garner,maxwellbethany@gmail.com,South
C1737,Emily Delacruz,smitherika@walters-moore.net,West
C1738,Joshua Jones,amandavasquez@robinson-allen.com,East
C1739,Darrell Young,mathew98@campbell-archer.info,East
C1740,Benjamin Mitchell,goodtammy@pena.com,West
C1741,Latasha Allen,sjordan@gmail.com,North
C1742,Scott Bailey,vlarson@smith.biz,West
C1743,James Cole,ihughes@gmail.com,North
C1744,Shannon Meadows,toni59@lopez-jensen.com,North
C1745,Ryan Griffin,tonyhill@fields.biz,South
C1746,Dana Fletcher,sarawalsh@hotmail.com,South
C1747,Sergio Gomez,alanbonilla@blevins.com,North
C1748,Stacy Bruce,thomasramos@yahoo.com,North
C1749,Angelica Johnson,frenchalbert@yahoo.com,South
C1750,Priscilla Brown,djohnson@graham.com,North
C1751,Scott Hill,scotthale@gmail.com,East
C1752,Kelly Arellano,catherine74@yahoo.com,South
C1753,Michael Roth,llucas@michael-davidson.net,South
C1754,Nicole Mcintyre,sheliakeller@miller.com,South
C1755,Karen Wilson,mcdowellrobert@freeman.com,North
C1756,Daniel Prince,christine62@yahoo.com,North
C1757,Megan Schroeder,ashleymooney@brown.com,West
C1758,Adriana Hancock,obolton@gmail.com,North
C1759,Nathan Bass,bakermatthew@hotmail.com,West
C1760,Omar Henderson,lutztiffany@gmail.com,East
C1761,Debra Olsen,malikmolina@hotmail.com,East
C1762,Pamela Monroe,kosborne@hotmail.com,East
C1763,Terrence Watson,allisoncalderon@hotmail.com,East
C1764,Amanda Wilson,caitlinjensen@sparks-murphy.biz,West
C1765,Ian Moore,vmclaughlin@hotmail.com,South
C1766,Beth Jones,leejennifer@thomas.net,West
C1767,Stephen Fox,john63@hotmail.com,East
C1768,Kimberly Morton,tracy61@guzman.info,South
C1769,Shawn Lowe,garciarichard@gonzalez.com,West
C1770,Adrian White,taramartinez@gmail.com,North
C1771,Lorraine Warren,pruittmaria@gmail.com,North
C1772,Jason Larsen,adavidson@kim-shea.com,South
C1773,Darrell Hopkins,stevenpadilla@adams.com,South
C1774,Rachael Knox,clarkjohn@mcconnell.info,South
C1775,David West,christensenmichelle@yahoo.com,West
C1776,Ashley Atkinson,ricesarah@heath.net,South
C1777,Olivia Bullock,robertsashley@gmail.com,South
C1778,Matthew Warner,perezmichelle@yahoo.com,North
C1779,Leslie Thomas,yolanda97@hotmail.com,South
C1780,Joy Jones,sarah88@peters.net,North
C1781,Laura Harvey,merrittbrandi@yahoo.com,East
C1782,Chase Jensen,anthony14@thompson.com,South
C1783,Derrick Frank,karina13@hughes.net,West
C1784,James Brown,gsantana@jones-gardner.net,North
C1785,Ann Johnson,catherinewolf@yahoo.com,South
C1786,Megan Taylor,robertrichardson@gmail.com,East
C1787,Vincent Perez,roy63@gmail.com,East
C1788,Bryan Miller,matthew43@mays.com,East
C1789,Susan Murray,michael69@salas.net,East
C1790,James Jones,juliecuevas@gmail.com,North
C1791,Jessica Hughes,marylester@lucas.com,North
C1792,Matthew Barber,victor72@hotmail.com,West
C1793,Diane Lawrence,xgarrett@hotmail.com,South
C1794,Heather Oliver,fflores@gmail.com,South
C1795,Kelly Coffey,christopherjohnson@smith.com,West
C1796,Desiree Hunt,amy50@hotmail.com,West
C1797,Justin Wolfe,uhutchinson@goodwin.info,South
C1798,Robert Hicks,mason41@taylor.com,South
C1799,Timothy Stewart,carol73@stephens.com,North
C1800,Juan Thompson,williamoliver@clark.com,North
C1801,Brent Collier,ycross@yahoo.com,East
C1802,Austin Beck,bishopkenneth@morgan.com,West
C1803,Jennifer Greene,smiller@rodriguez-knox.com,West
C1804,Suzanne Mills,baxtersarah@brown-ellis.org,West
C1805,William Henderson,timothy80@rodriguez.info,North
C1806,Nicole Jones,nrodriguez@hotmail.com,North
C1807,Andrew Cook,muellerraymond@sullivan.com,West
C1808,Joseph Garrett,leonard52@hotmail.com,North
C1809,Miss Karen Pena DDS,christopherchambers@davis-orr.com,South
C1810,Lucas Peterson,garciamichael@johnson.org,West
C1811,William Robertson,bgordon@fletcher.com,North
C1812,William Johnson,cdaugherty@hotmail.com,North
C1813,Nicole Gould,otorres@yahoo.com,North
C1814,Rebecca Mclaughlin,john60@gmail.com,West
C1815,Laura Brown,kellypeter@ramos-hanna.biz,East
C1816,Anthony Jackson,kaitlyn47@yahoo.com,East
C1817,Jason Cantu,chelseajohnson@doyle.info,East
C1818,Brian Hensley,pthompson@yahoo.com,East
C1819,John Sims,richard07@nelson.com,South
C1820,Jennifer Hall,sandovalcarol@beck-haynes.org,East
C1821,Mr. Robert Soto,suttonryan@garcia.biz,South
C1822,Patricia Roberts,jenny18@peterson.info,West
C1823,Suzanne Armstrong,crystallewis@yahoo.com,North
C1824,Shannon Smith,hoconnell@lopez-curtis.com,North
C1825,Ashley Jones,mark06@white.info,South
C1826,Phillip Bell,amanda64@hotmail.com,West
C1827,Eric Larson,brandon88@hotmail.com,West
C1828,Alex Moore,cynthia92@edwards.com,South
C1829,Cory Cox,egreer@hotmail.com,East
C1830,Gregory Preston,jamesrichardson@logan.com,South
C1831,Timothy Tucker,ifleming@hotmail.com,South
C1832,Samuel Watson,jbryant@gmail.com,South
C1833,Raymond Johnson,codyhogan@lee-henry.com,West
C1834,Angela Smith,aliciathomas@gmail.com,West
C1835,Lori Lee MD,wrodriguez@yahoo.com,West
C1836,Angela Solomon,wardanna@sullivan-taylor.org,South
C1837,Jason Browning,teresawilson@gmail.com,East
C1838,Heather Carlson,hillsteve@yahoo.com,North
C1839,Charles Thomas,michele88@holloway.com,East
C1840,Jeffrey Hampton,robertsonheidi@gmail.com,East
C1841,Tara Wilson,susanweeks@hotmail.com,West
C1842,Emily Hawkins,kelly70@hotmail.com,South
C1843,Julia Mendez,morganparker@jordan.org,South
C1844,Anita Turner,davischristopher@edwards-berry.info,West
C1845,Michele Kemp,vallen@gmail.com,East
C1846,Anne Castillo,kevinwilkins@bryant.com,South
C1847,Kelli Shah,rosetimothy@gmail.com,South
C1848,Brandon Decker,myersjames@hanna.biz,South
C1849,Carrie Guerrero,bradleyholland@dougherty.com,West
C1850,Olivia Dominguez,brittanyvincent@gmail.com,North
C1851,Sara Jones,josephponce@hotmail.com,North
C1852,Russell Martinez,josephjordan@cox.biz,North
C1853,Joseph Benson,tdavis@hotmail.com,West
C1854,Carlos Daniels,scott49@ryan-brown.org,West
C1855,Emily Beasley,tamarajohnson@price.org,East
C1856,Christopher Lopez,paul89@hotmail.com,West
C1857,Leslie Green,bedwards@yahoo.com,South
C1858,Jessica Taylor,andersonsusan@yahoo.com,East
C1859,Patrick Cohen,smithjoel@gmail.com,East
C1860,Ian Walton,rivasdale@yahoo.com,East
C1861,Kari Butler,andersonmelissa@chandler.biz,East
C1862,Bradley Mata,beverlywilson@yahoo.com,East
C1863,Carl Cook,ubarron@gmail.com,North
C1864,David Martinez,louiskelly@hotmail.com,South
C1865,Jordan Gonzalez,james46@wright-holland.info,North
C1866,Elizabeth Hunter,monique71@hotmail.com,East
C1867,Kelly Castillo,anthony88@yahoo.com,North
C1868,Jose Gonzalez,dayjessica@gmail.com,East
C1869,Brittany Landry,blloyd@gmail.com,South
C1870,Annette Lee,denise79@gilbert-lee.com,West
C1871,Grant Evans,growland@gmail.com,East
C1872,Robert Wilson,dillonbrian@guzman.com,North
C1873,Brooke Shepard,laura53@robinson-wu.biz,East
C1874,Tammy Nixon,margaretrojas@gmail.com,West
C1875,Joyce Brown,epeters@blake.com,South
C1876,Alex Castro,banderson@gmail.com,East
C1877,Mary Chan,melissamayer@thomas-tran.biz,North
C1878,Vanessa Kirk,rodriguezwilliam@hotmail.com,East
C1879,Daniel Thornton,rphillips@hotmail.com,West
C1880,Dan Taylor,jeffreyfrederick@shaffer.biz,East
C1881,Carrie Moss MD,sleonard@brady.com,South
C1882,Dr. Samantha Lawrence,whaas@ward.info,South
C1883,Madison Nelson,allison17@miles.info,West
C1884,Jack James,coopertanner@yahoo.com,South
C1885,Aaron Garcia,zwang@yahoo.com,South
C1886,Charles Short,zrodriguez@gmail.com,West
C1887,Bradley Thomas,ydean@gmail.com,West
C1888,Michelle Hall,bmcguire@yahoo.com,East
C1889,Steven Mcfarland,yschwartz@gmail.com,North
C1890,Dawn Smith,martinezcatherine@yahoo.com,North
C1891,Jamie Rodriguez,uwade@hotmail.com,North
C1892,Antonio Smith,smithmadeline@camacho-reyes.com,South
C1893,Charles Munoz,williamschristine@yahoo.com,South
C1894,Garrett Mccormick,cruztimothy@hotmail.com,East
C1895,Patrick Hughes,pricetanner@gordon.com,East
C1896,Mrs. Jennifer Stephens,thomas44@owens.com,South
C1897,John Jenkins,james39@gmail.com,East
C1898,Juan Williams,christinawilson@hotmail.com,West
C1899,Roger Castillo,shane89@sanchez.info,East
C1900,Vanessa Harris,michellehunter@lucas.com,East
C1901,Jessica House,jennifermedina@avila-turner.biz,West
C1902,Toni Ortiz,lindsey18@hotmail.com,East
C1903,Lori Robinson,williamsonmonique@dunn-stafford.com,West
C1904,Jennifer Johnson,williamlivingston@robinson.com,South
C1905,Christopher Lee,dawnjohnson@hines-cox.net,South
C1906,Danny Dunn,deborah38@yahoo.com,North
C1907,Alex Mejia PhD,jordanmartinez@houston.com,East
C1908,Shannon Frazier,alexandra81@page.com,East
C1909,Christopher Spence,kaitlyn16@hotmail.com,West
C1910,Bryan Jacobs,ygonzales@anderson-clark.info,North
C1911,Anthony Galvan,bhines@roy.com,West
C1912,Taylor Mcconnell,rlowery@richmond-cook.com,East
C1913,Lindsay Compton,cmccall@rodriguez.com,South
C1914,Andrea Kent,robert31@gmail.com,South
C1915,Jessica Anderson,cherylunderwood@stevenson-mcmahon.org,West
C1916,Heather Good,kyle61@gmail.com,South
C1917,Brett Griffith,patricksandoval@hotmail.com,North
C1918,Margaret Taylor,annecasey@gmail.com,North
C1919,Kimberly Sanders,laurie85@leonard.com,South
C1920,Debra Gilbert,asanchez@torres-baker.org,North
C1921,Misty Page,greenmarco@hotmail.com,West
C1922,Bryan Peterson,ejohnson@hotmail.com,West
C1923,Stephanie Taylor,acline@gmail.com,West
C1924,Elizabeth Meza,bturner@gmail.com,West
C1925,Jeremy Marquez,mjackson@hotmail.com,West
C1926,Amanda Dean,yjohnson@hotmail.com,East
C1927,Michael Brown,nicolegutierrez@murphy.com,West
C1928,Jill Strickland,thompsonrachel@moore.com,South
C1929,Dana Patel,morenopaul@yahoo.com,East
C1930,Mary Ortiz,michaellawson@ross-smith.com,North
C1931,Jon Beck,lawrencesusan@perez.com,East
C1932,Jesse Peck,lellis@mann.com,South
C1933,Douglas Sharp,allenshaun@mitchell.com,East
C1934,William Black,rcontreras@gmail.com,West
C1935,Megan Jacobs,blakesmith@hotmail.com,East
C1936,Christopher Roberts,bguerrero@gmail.com,West
C1937,Joshua Whitaker,jameslewis@thompson.com,South
C1938,Daniel Nichols,kimberly32@gmail.com,East
C1939,Phillip Johnston,taramoses@bush.net,South
C1940,Sara Nixon,rwebb@wilson.biz,North
C1941,Marcus Scott,shelleygordon@smith.com,East
C1942,Donald Gill,lawrencerodriguez@yahoo.com,South
C1943,Rebecca Myers,kennethbowman@tucker-madden.com,South
C1944,Michelle Bradford,romerojoseph@gmail.com,South
C1945,Paula Clayton,gwilliams@martin.net,West
C1946,Tina Cortez,james84@yahoo.com,North
C1947,Brandy Franklin,dale01@hotmail.com,West
C1948,Danielle Hall,jimmy99@hotmail.com,East
C1949,Robert Wood,frobinson@byrd.com,North
C1950,Victoria Marsh,rebecca56@hotmail.com,North
C1951,Sean Durham,phillipdennis@gmail.com,North
C1952,Charles Vang,jamesjohnson@hester-garrett.com,North
C1953,Derek Gill,hlane@miranda.com,West
C1954,Steven Hernandez,cwilliams@smith-wilson.com,North
C1955,Linda Cox,jmiller@yahoo.com,West
C1956,Sherry Walsh,jacobbrennan@hotmail.com,North
C1957,Michael Oliver,gallagherbonnie@herrera.com,West
C1958,Brittany Morris,rodriguezmatthew@phelps.com,South
C1959,Patricia Ibarra,vasquezlindsey@hotmail.com,East
C1960,Keith Fields,vmiller@yahoo.com,East
C1961,Stacey Williams,obennett@brown.com,West
C1962,Javier Spencer,perezbradley@yahoo.com,West
C1963,Justin Mosley MD,smithjacob@atkinson.com,North
C1964,Michelle Garcia MD,joshua64@hotmail.com,East
C1965,Scott Carr,wknox@gmail.com,East
C1966,Jack Owen,raymichelle@gmail.com,West
C1967,Richard Patel,ivega@coleman.com,South
C1968,Abigail Miller,tonyhernandez@tate.biz,East
C1969,Connor Parker,jenniferbrooks@yahoo.com,North
C1970,Eric Johnson,donnadavis@johnson.info,South
C1971,Jason Bryant,waterskristina@hotmail.com,East
C1972,Christian Bender,fischerrobert@williams-dixon.com,East
C1973,Julia Edwards,tara04@chavez-miller.com,East
C1974,Roy Reynolds,eric28@kelly-thompson.com,South
C1975,Jackie Turner,kevin64@burton.com,North
C1976,Rachel Sanders,aaronedwards@preston.info,East
C1977,Steven Baker,adamsrenee@thomas.com,East
C1978,Anna Robinson,brianrivera@mitchell.com,South
C1979,Kelly Harris,monicawhite@jackson.com,South
C1980,Kenneth Ewing,fraziersara@hotmail.com,North
C1981,Amanda Gardner,vcoleman@brown-moreno.com,West
C1982,Kristina Evans,jacob78@solis.com,North
C1983,Clinton Lee,richard19@gmail.com,North
C1984,Brian Hahn,richardliu@miller.com,West
C1985,Kendra Fernandez,reevestimothy@deleon-flores.com,North
C1986,Laura Smith,natalie49@johnson.com,West
C1987,Sara Keller,clarkjames@flores.com,North
C1988,Mr. Shawn Miller,finleysean@johnson.com,East
C1989,Julie Smith DVM,xnguyen@yahoo.com,West
C1990,Dr. Andrea Cook,jeffrey25@hotmail.com,East
C1991,Anthony Jones,charles63@hotmail.com,South
C1992,Amber Gibson,zparker@yahoo.com,South
C1993,Wanda Dunn,sramos@morgan.com,South
C1994,Barbara Shaffer,diana60@young-martinez.biz,South
C1995,Randy Brown,iluna@garcia.com,South
C1996,Katherine Chambers,mayoeric@chandler.com,West
C1997,Caitlin Porter,mayoanthony@phillips.biz,West
C1998,Keith Barnes,marychristensen@yahoo.com,North
C1999,Kenneth Bullock,nperry@arnold.net,North
